id,y_pred
0,0.30595464
1,0.5013103
2,0.99760324
3,0.6175155
4,0.9947325
5,0.7831046
6,0.8892432
7,0.14683528
8,0.94070375
9,0.9290074
10,0.95129406
11,0.99740183
12,0.9925775
13,0.9902508
14,0.98729414
15,0.066004
16,0.8294471
17,0.6744052
18,0.9631984
19,0.9762384
20,0.9999788
21,0.7743653
22,0.9992323
23,0.7788224
24,0.9896198
25,0.972464
26,0.9975286
27,0.8837068
28,0.98208964
29,0.97317207
30,0.9999912
31,0.70581204
32,0.9405863
33,0.72075003
34,0.9799713
35,0.91536766
36,0.9631361
37,0.9513656
38,0.78146523
39,0.99998903
40,0.99890494
41,0.84531975
42,0.9686358
43,0.99747425
44,0.51585317
45,0.9946097
46,0.9900204
47,0.9194316
48,0.62991744
49,0.8952353
50,0.3537957
51,0.97907984
52,0.9875387
53,0.82768077
54,0.9537024
55,0.5987592
56,0.9941531
57,0.8850759
58,0.81376433
59,0.9975414
60,0.99492514
61,0.89326435
62,0.9783945
63,0.9967002
64,0.99979955
65,0.99985933
66,0.99054015
67,0.9739377
68,0.99694496
69,0.9935241
70,0.9022988
71,0.5073641
72,0.5126504
73,0.9997292
74,0.9997904
75,0.99422556
76,0.9998275
77,0.99863017
78,0.03019784
79,0.99140525
80,0.33240074
81,0.9439993
82,0.9023944
83,0.9247768
84,0.96817374
85,0.9355879
86,0.9633605
87,0.97155106
88,0.6910252
89,0.99445987
90,0.9576948
91,0.99124545
92,0.96999174
93,0.24636205
94,0.99997103
95,1.0
96,0.92027664
97,0.5945122
98,0.81237704
99,0.9798952
100,0.9985227
101,0.99998534
102,0.99704903
103,0.8688925
104,0.99655116
105,0.97398156
106,0.7099505
107,0.99020433
108,0.83593804
109,0.9471325
110,0.9963955
111,0.84987175
112,0.9999808
113,0.7260504
114,0.99070334
115,0.96728843
116,0.99943656
117,0.6217291
118,0.07472936
119,0.89737195
120,0.9988642
121,0.90234023
122,0.43048885
123,0.58312327
124,0.9493497
125,0.9999715
126,0.9820869
127,0.90785664
128,0.8675964
129,0.9823942
130,0.589132
131,0.99636155
132,0.15276055
133,0.9972132
134,0.9962704
135,0.9963516
136,0.98481435
137,0.99951434
138,0.8716817
139,0.925354
140,0.9970329
141,0.95151097
142,0.87634563
143,0.88083845
144,0.9997352
145,0.95565766
146,0.9945345
147,0.9997174
148,0.8458413
149,0.9999386
150,0.998162
151,0.9996562
152,0.9999957
153,0.9992544
154,0.99664944
155,0.1925804
156,0.909874
157,0.99969697
158,0.99500847
159,0.61021423
160,0.83805424
161,0.9996575
162,0.99631554
163,0.99904567
164,0.8397301
165,0.9897378
166,0.9968489
167,0.85640806
168,0.78929377
169,0.90494496
170,0.9999684
171,0.9207104
172,0.7793285
173,0.95089775
174,0.9501475
175,0.97794
176,0.99977535
177,0.9704358
178,0.97874445
179,0.9838951
180,0.999566
181,0.9860157
182,0.41930035
183,0.9902672
184,0.9579749
185,0.99825627
186,0.9558635
187,0.90295225
188,0.44454902
189,0.9999945
190,0.99822754
191,0.73902357
192,0.4689109
193,0.9967738
194,0.9981193
195,0.95561266
196,0.9308367
197,0.88668066
198,0.9992248
199,0.9986332
200,0.9996927
201,0.9492741
202,0.99584985
203,0.97403324
204,0.61021763
205,0.6056735
206,0.9144945
207,0.8052937
208,0.99812025
209,0.95224476
210,0.9408268
211,0.8799781
212,0.5599949
213,0.98950887
214,0.7653066
215,0.995971
216,0.8426425
217,0.526369
218,0.9324115
219,0.99034053
220,0.9925932
221,0.9912403
222,0.84014386
223,0.9744804
224,0.99804556
225,0.9893532
226,0.9862693
227,0.88442963
228,0.99973196
229,0.079293504
230,0.87513065
231,0.8643449
232,0.99094814
233,0.9998734
234,0.98196614
235,0.9975908
236,0.9803151
237,0.99990654
238,0.91872066
239,0.71542054
240,0.9914657
241,0.9976006
242,0.99318635
243,0.95674455
244,0.5071529
245,0.5683111
246,0.9867743
247,0.98671836
248,0.9963742
249,0.99769044
250,0.8271829
251,0.8635864
252,0.99980325
253,0.9903616
254,0.9820467
255,0.39520833
256,0.9195415
257,0.10869418
258,0.9986979
259,0.87293255
260,0.9941245
261,0.80734044
262,0.9909944
263,0.91249335
264,0.9999273
265,0.8742764
266,0.9380989
267,0.8633683
268,0.90987974
269,0.9705235
270,0.90770596
271,0.93704075
272,0.9874413
273,0.97733057
274,0.9710045
275,0.45290995
276,0.97482884
277,0.9910287
278,0.97501874
279,0.8082179
280,0.99455017
281,0.6842574
282,0.65840816
283,0.64291006
284,0.9877809
285,0.6684402
286,0.7561676
287,0.99801266
288,0.9639638
289,0.9713641
290,0.9981034
291,0.9998344
292,0.9255999
293,0.976585
294,0.8945816
295,0.38156107
296,0.9280793
297,0.967261
298,0.9999052
299,0.026250675
300,1.0
301,0.9999987
302,0.99532723
303,0.9215582
304,0.7774773
305,0.743104
306,0.98523605
307,0.9291271
308,0.985719
309,0.89405656
310,0.7255315
311,0.96806246
312,0.9533831
313,0.9024707
314,0.9991861
315,0.9394647
316,0.992983
317,0.9999969
318,0.99994004
319,0.97641957
320,0.9995927
321,0.99988556
322,0.8620514
323,0.8779171
324,0.952037
325,0.9143811
326,0.8632605
327,0.9999044
328,0.9083949
329,0.71325046
330,0.99731547
331,0.9424126
332,0.88380873
333,0.87423134
334,0.9999895
335,0.9739649
336,0.95184124
337,0.9486059
338,0.7781139
339,0.69050574
340,0.9283536
341,0.99490356
342,0.99443936
343,0.95857394
344,0.999108
345,0.9515082
346,0.9472308
347,0.9155621
348,0.6655503
349,0.97656894
350,0.9999647
351,0.9352104
352,0.92614335
353,0.6485204
354,0.95898145
355,0.7836976
356,0.7520217
357,0.9995695
358,0.96687716
359,0.99219185
360,0.97107434
361,0.9970853
362,0.9961733
363,0.15758467
364,0.99672014
365,0.94285667
366,0.999859
367,0.9895353
368,0.9261934
369,0.99858
370,0.89422077
371,0.9401275
372,0.9996617
373,0.9641372
374,0.57621294
375,0.9999776
376,0.99614054
377,0.7739399
378,0.910821
379,0.98360693
380,0.9985544
381,0.98991054
382,0.932166
383,0.93489885
384,0.92443013
385,0.9970988
386,0.9031102
387,0.99926656
388,0.989326
389,0.99994016
390,0.97019976
391,0.6397999
392,0.9996363
393,0.8351823
394,0.9996195
395,0.99101865
396,0.3172509
397,0.9505345
398,0.8363574
399,0.9999635
400,0.9739983
401,0.99878913
402,0.99999976
403,0.9097486
404,0.58302337
405,0.9822552
406,0.81059164
407,0.99621457
408,0.9625343
409,0.99533623
410,0.9923408
411,0.9998729
412,0.868045
413,0.9564238
414,0.99404293
415,0.9251252
416,0.7478469
417,0.988177
418,0.9463459
419,0.99485946
420,0.8442339
421,0.9886623
422,0.99937004
423,0.75805837
424,0.5824161
425,0.99397427
426,0.99967647
427,0.99870646
428,0.9830367
429,0.46259
430,0.6658639
431,0.90102047
432,0.7542718
433,0.9927308
434,0.5429707
435,0.91114753
436,0.90757424
437,0.9868181
438,1.0
439,0.34010875
440,0.7489253
441,0.4728127
442,1.0
443,0.46514168
444,0.9999542
445,0.19150408
446,0.7064276
447,0.9932289
448,0.76634616
449,0.9752068
450,0.78109854
451,0.7225201
452,0.99827516
453,0.9431645
454,0.14352901
455,0.9962006
456,0.84564984
457,0.79616356
458,0.9993518
459,0.9112923
460,0.19693753
461,0.9223409
462,0.98030955
463,0.028293552
464,0.9992859
465,0.99963045
466,0.8247628
467,0.95541656
468,0.5290859
469,0.9932547
470,0.89272004
471,0.9959246
472,0.9792102
473,0.91637284
474,0.93349904
475,0.9908406
476,0.9148512
477,0.9998996
478,0.99997544
479,0.9968262
480,0.996754
481,0.99999666
482,0.9117099
483,0.9999913
484,0.9167066
485,0.9910883
486,0.18019673
487,0.9787617
488,0.82432824
489,0.88553643
490,0.9955244
491,0.9999969
492,0.99987507
493,0.9907963
494,0.95281297
495,0.99127007
496,0.99779785
497,0.99903905
498,0.95410806
499,0.9995913
500,0.9340752
501,0.8100595
502,0.23008029
503,0.8280117
504,0.97161996
505,0.956785
506,0.9812625
507,0.95930564
508,0.88860697
509,0.41998258
510,0.9979037
511,0.95477855
512,0.9962161
513,0.9887815
514,1.0
515,0.80260456
516,0.9727443
517,0.96741706
518,0.8724391
519,0.9863918
520,0.82723165
521,0.99916804
522,0.9784001
523,0.9975407
524,0.9697948
525,0.9115706
526,0.99885774
527,0.9745429
528,0.96503365
529,0.9846534
530,0.37675506
531,0.8051443
532,0.9587691
533,0.88328594
534,0.90663856
535,0.99999976
536,0.37566248
537,0.6742984
538,0.5349213
539,0.99985874
540,0.72914284
541,0.95746803
542,0.9903983
543,0.9902428
544,0.99999857
545,0.94481736
546,0.50980777
547,0.95607036
548,0.99999213
549,0.53164077
550,0.9999949
551,0.9999269
552,0.760472
553,0.9900276
554,0.94727564
555,0.3887253
556,0.9527846
557,0.9938636
558,0.9997794
559,0.9119194
560,0.09356409
561,0.9252226
562,0.8993206
563,0.9894583
564,0.8948798
565,0.97200125
566,0.9648886
567,0.99523276
568,0.99819666
569,0.33617026
570,0.99996114
571,0.99028534
572,0.9711802
573,0.9827922
574,0.93915844
575,0.8600167
576,0.98754394
577,0.99970067
578,0.79605454
579,0.19804771
580,1.0
581,0.9909952
582,1.0
583,0.99976116
584,0.15867259
585,0.9825708
586,0.78417706
587,0.9999869
588,0.914403
589,0.9926139
590,0.9996885
591,0.92724437
592,0.79450387
593,0.99987614
594,0.9723354
595,0.57839954
596,0.99546176
597,0.8326809
598,0.9870092
599,1.0
600,0.92383933
601,0.88074255
602,0.9582884
603,0.91976017
604,0.6787165
605,0.97916144
606,0.9140363
607,0.99241465
608,0.27862203
609,0.96508205
610,0.75472754
611,0.9999918
612,0.9689359
613,0.81246674
614,0.7230215
615,0.98009264
616,0.99757284
617,0.9995521
618,0.9999949
619,0.97038525
620,0.9778641
621,0.9764839
622,0.9630128
623,0.9544731
624,0.99924743
625,0.9996623
626,0.9978161
627,0.9935359
628,0.999188
629,0.97010744
630,0.91022015
631,0.999188
632,0.96234024
633,0.969875
634,0.9904903
635,0.6992547
636,0.9985227
637,0.5852621
638,0.9584247
639,0.9567954
640,0.96781456
641,0.7282684
642,0.9995565
643,0.99852556
644,0.99517137
645,0.9996513
646,1.0
647,0.98971015
648,0.91676915
649,0.9569167
650,0.9283262
651,0.93164974
652,0.92877823
653,0.73727363
654,0.99508816
655,0.8318576
656,0.9909388
657,0.9895355
658,0.9987638
659,0.9999969
660,0.6469547
661,0.9768122
662,0.9999912
663,0.9474128
664,0.944926
665,0.99863064
666,0.88779676
667,0.3158374
668,0.6031814
669,0.9932434
670,0.24285427
671,0.9959097
672,0.8717489
673,0.9420585
674,0.79590297
675,0.2296211
676,0.9174012
677,0.94521964
678,0.9912032
679,0.4111326
680,0.98877186
681,0.9991549
682,0.87472796
683,0.58256805
684,0.99345255
685,0.9971758
686,0.99837935
687,0.98936546
688,0.9912144
689,0.99889094
690,0.9996238
691,0.9484114
692,0.97907066
693,0.97709346
694,0.92910266
695,0.93891054
696,0.9687321
697,0.9988199
698,0.9852629
699,0.9854837
700,0.0024725809
701,0.44593337
702,0.99222976
703,0.9141826
704,0.22925007
705,0.8701002
706,0.9999999
707,0.99910957
708,0.9952284
709,0.35067755
710,0.8048744
711,0.9744013
712,0.72578484
713,0.9999933
714,0.9670314
715,0.8202954
716,0.6135669
717,0.99882835
718,0.9260653
719,0.96805274
720,0.9506288
721,0.9998915
722,0.9098515
723,0.88467234
724,0.84582806
725,0.6831954
726,0.9997801
727,0.9996253
728,0.9985259
729,0.9318601
730,0.8626502
731,0.97167814
732,0.9517375
733,0.68930924
734,0.90062106
735,0.968018
736,0.9755103
737,0.998412
738,0.99897075
739,0.9999356
740,0.95654285
741,0.9567239
742,0.43605834
743,0.99980766
744,0.9836625
745,0.999363
746,0.98088765
747,0.4338039
748,0.88816476
749,0.9969151
750,0.95186895
751,0.9403864
752,0.5690749
753,0.9951309
754,0.08893953
755,0.9988661
756,0.9991579
757,0.71875393
758,0.9704958
759,0.7739498
760,0.9377393
761,0.8367097
762,0.9999224
763,0.9996449
764,0.94863117
765,0.99928313
766,0.9986804
767,0.9634119
768,0.9992237
769,0.99647933
770,0.96853685
771,0.9971179
772,0.91769856
773,0.9875793
774,0.9444912
775,0.9997278
776,0.9076469
777,0.993646
778,0.9813472
779,0.9652393
780,0.99915683
781,0.9999604
782,0.957375
783,0.94111335
784,0.99694973
785,0.9786119
786,0.4351102
787,0.8514458
788,0.9106583
789,0.9999993
790,0.96121866
791,0.9796734
792,0.9838907
793,0.9828131
794,0.9999999
795,0.9664792
796,0.954824
797,0.99925095
798,0.9833239
799,0.9999788
800,0.9960913
801,0.9699191
802,0.99783057
803,0.85964644
804,0.972647
805,0.82416356
806,0.9887539
807,0.99869555
808,0.9746465
809,1.0
810,0.725845
811,0.9780401
812,0.99993086
813,0.6318866
814,0.9277024
815,0.9522798
816,0.9506602
817,0.9999962
818,0.7407741
819,0.8311243
820,0.95076877
821,0.9989747
822,0.90153515
823,1.0
824,0.9998933
825,0.9962004
826,0.97328407
827,0.6568287
828,0.9999956
829,0.9899088
830,0.958361
831,0.94018227
832,0.99955314
833,0.9656127
834,0.9294051
835,0.9984459
836,0.98871905
837,0.9999962
838,0.99399334
839,0.97079945
840,0.99871004
841,0.99113
842,0.6552355
843,0.033107113
844,0.99990356
845,0.94940335
846,0.81246036
847,0.9534379
848,0.90522534
849,0.99617094
850,0.9779228
851,0.098518245
852,0.96349406
853,0.9999933
854,0.98532987
855,0.99995434
856,0.96924376
857,0.9713714
858,1.0
859,0.9583983
860,0.9985744
861,0.993233
862,0.7854954
863,0.9949464
864,0.9755014
865,0.99813384
866,0.9297869
867,0.98672014
868,0.83856547
869,0.9883979
870,0.9932013
871,0.9995664
872,0.9973448
873,0.99986446
874,0.97413504
875,0.9999999
876,0.9646014
877,0.9315554
878,0.9748204
879,0.9478841
880,0.6299688
881,0.8916903
882,0.98157376
883,0.9536508
884,0.9968829
885,0.9431395
886,0.999948
887,0.5953251
888,0.80123764
889,0.9943731
890,0.98615605
891,0.99156183
892,0.9982796
893,0.32149625
894,0.9999944
895,0.9761297
896,0.99998343
897,0.74573624
898,0.9999937
899,0.99982387
900,0.98042244
901,0.8815637
902,0.8865921
903,0.9687552
904,0.9995314
905,0.9837054
906,0.9770571
907,0.999532
908,0.9177599
909,0.99103254
910,0.96422434
911,0.99967253
912,0.94965935
913,0.9250795
914,0.9999386
915,0.9358203
916,0.99999976
917,0.993536
918,0.97687817
919,0.98216367
920,0.9569897
921,0.9874414
922,0.94895923
923,0.9995183
924,0.9898331
925,0.90343994
926,0.76866615
927,0.9496196
928,0.96364236
929,0.909212
930,0.8706254
931,0.9732378
932,0.93790615
933,0.9858111
934,0.9961972
935,0.998139
936,0.07520553
937,0.999985
938,0.95745337
939,0.99492776
940,0.99999034
941,0.9281097
942,0.9912532
943,0.8975279
944,0.878304
945,0.9759824
946,0.99206525
947,0.94373083
948,0.9923568
949,0.9924981
950,0.9999893
951,0.90384656
952,0.05235183
953,0.91507673
954,0.822236
955,0.9919742
956,0.98357105
957,0.99935335
958,0.99151117
959,0.95320636
960,0.997621
961,0.3054425
962,0.93645936
963,0.628916
964,0.9814378
965,0.99811965
966,0.97977716
967,0.67529947
968,0.99999976
969,0.18299231
970,0.7454554
971,0.9475275
972,0.99997354
973,0.9931386
974,0.9999075
975,0.99771404
976,0.9994198
977,0.9829816
978,0.9427486
979,0.9864835
980,0.9961146
981,0.9559026
982,0.9994635
983,0.87073463
984,0.8869692
985,0.9744409
986,0.97177964
987,0.9305737
988,0.9721335
989,0.9989134
990,0.9898906
991,0.54561615
992,0.943268
993,0.20372385
994,0.97135276
995,0.99999774
996,0.9951698
997,0.9923374
998,0.74195373
999,0.9614933
1000,0.9994373
1001,0.9386226
1002,0.991676
1003,0.8419534
1004,0.96412945
1005,0.9777581
1006,0.98996395
1007,0.9957807
1008,0.98544866
1009,0.9998629
1010,0.999678
1011,0.11553703
1012,0.9999988
1013,0.9869795
1014,0.99978894
1015,0.9999169
1016,0.93517315
1017,0.9813628
1018,0.8612042
1019,0.9923308
1020,0.98919046
1021,0.9976694
1022,0.9796978
1023,0.99999964
1024,0.9989279
1025,0.8541159
1026,0.91538775
1027,0.55650544
1028,0.9735197
1029,0.3546663
1030,0.9806929
1031,0.98674446
1032,0.95797604
1033,0.93826425
1034,0.99977535
1035,0.97711915
1036,0.91908646
1037,0.99928844
1038,0.9953199
1039,0.855492
1040,0.6102537
1041,0.99715
1042,0.9982022
1043,0.99941456
1044,0.9752456
1045,0.9959507
1046,0.91211104
1047,0.97465044
1048,0.30577627
1049,0.97127783
1050,0.035608612
1051,0.99330646
1052,0.90739
1053,0.89410925
1054,0.58252436
1055,0.947552
1056,0.05633171
1057,0.9978265
1058,0.85450345
1059,0.9964097
1060,0.94215965
1061,0.8714728
1062,0.9997298
1063,0.9803325
1064,0.94503415
1065,0.96809155
1066,0.95508057
1067,0.17808728
1068,0.98974305
1069,0.7824273
1070,0.42161632
1071,0.9954203
1072,0.99180955
1073,0.90444976
1074,0.9947994
1075,0.8014065
1076,0.99992895
1077,0.47663906
1078,1.0
1079,0.992218
1080,0.9231693
1081,0.99852306
1082,0.92129457
1083,0.9911112
1084,0.960034
1085,0.9599806
1086,0.46481168
1087,0.9555528
1088,0.87295777
1089,0.9466345
1090,0.9431313
1091,0.9999993
1092,0.9923159
1093,0.9996105
1094,0.97264177
1095,0.92494017
1096,0.8282836
1097,0.99462634
1098,0.89735293
1099,0.9999981
1100,0.1528073
1101,0.023442257
1102,0.9115512
1103,0.8013246
1104,0.938613
1105,0.9984877
1106,0.99996173
1107,0.97186893
1108,0.9626886
1109,0.99961334
1110,0.9996269
1111,0.9973449
1112,0.99904424
1113,0.38963336
1114,0.99443746
1115,0.97715956
1116,0.9999999
1117,0.9098814
1118,0.9995216
1119,0.99132687
1120,0.938887
1121,0.9978666
1122,0.97522414
1123,0.9805572
1124,0.9997321
1125,0.9284757
1126,0.6470239
1127,0.90533495
1128,0.88568205
1129,0.99207777
1130,0.9582829
1131,0.9793453
1132,0.7766785
1133,0.1907964
1134,0.98485684
1135,0.88605845
1136,0.99148
1137,0.7060912
1138,0.99985623
1139,0.9998566
1140,0.9997646
1141,0.9869533
1142,0.99984086
1143,0.96741676
1144,0.9976768
1145,0.9976332
1146,0.7537132
1147,0.9969579
1148,0.99809283
1149,0.99999917
1150,0.9576969
1151,0.9999467
1152,0.96316814
1153,0.9723208
1154,0.9250474
1155,0.98530614
1156,0.9046955
1157,0.99898356
1158,0.9749727
1159,0.9454634
1160,0.27963158
1161,0.92302907
1162,0.99930465
1163,0.98556024
1164,0.95007765
1165,0.98477376
1166,0.99921787
1167,0.9911179
1168,0.9997608
1169,0.60283464
1170,0.9174951
1171,0.99945253
1172,0.9996531
1173,0.17998517
1174,0.9095925
1175,0.9918847
1176,0.7457036
1177,0.9993124
1178,0.81746376
1179,0.97537994
1180,0.9999311
1181,0.9571817
1182,0.9716411
1183,0.797857
1184,0.99213797
1185,0.15545356
1186,0.9999647
1187,0.9999969
1188,0.75742674
1189,0.9959245
1190,0.95787525
1191,0.8969238
1192,0.6307394
1193,0.9970982
1194,0.9985134
1195,0.09756294
1196,0.17752334
1197,0.9962942
1198,0.9999989
1199,0.98220336
1200,0.9915119
1201,0.9930796
1202,0.9783815
1203,0.99999845
1204,0.99768233
1205,0.999537
1206,0.5906562
1207,0.99678063
1208,0.9987161
1209,0.9999522
1210,0.9908909
1211,0.9430514
1212,0.93313223
1213,0.9343359
1214,0.9999659
1215,0.996994
1216,0.11571924
1217,0.99282724
1218,0.9940743
1219,0.9888558
1220,0.90057594
1221,0.99578875
1222,0.9788988
1223,0.84689015
1224,0.8215597
1225,0.98518777
1226,0.593111
1227,0.99633175
1228,0.99625695
1229,0.9986798
1230,0.9999999
1231,0.9671966
1232,0.120128475
1233,0.99139726
1234,0.994553
1235,0.9876144
1236,0.8615384
1237,0.99999976
1238,0.9999918
1239,0.9837536
1240,0.82437885
1241,0.8352669
1242,0.99715626
1243,0.99969053
1244,0.6125496
1245,0.9904158
1246,0.95064723
1247,0.89409333
1248,0.9912607
1249,0.8688584
1250,0.99349844
1251,0.9838831
1252,0.99986815
1253,0.94904107
1254,0.9273847
1255,0.99293524
1256,0.99770665
1257,0.9956418
1258,0.998185
1259,0.9633522
1260,0.9253358
1261,0.91242605
1262,0.9972645
1263,0.9903349
1264,0.6640078
1265,0.39146316
1266,0.97760314
1267,0.8999456
1268,0.986598
1269,0.92024285
1270,0.915845
1271,0.9936392
1272,0.7322005
1273,0.9944007
1274,0.99919826
1275,0.9993179
1276,0.99807286
1277,0.014726746
1278,0.9620815
1279,0.92603946
1280,0.9026256
1281,0.9982436
1282,0.7218472
1283,0.9839002
1284,0.9989548
1285,0.95066017
1286,0.5096512
1287,0.99260896
1288,0.89938194
1289,0.96356875
1290,0.9959698
1291,0.08140419
1292,0.9969963
1293,0.9856683
1294,0.81282717
1295,0.6654821
1296,0.99915373
1297,0.9956564
1298,0.86768496
1299,0.51862556
1300,0.9734055
1301,0.027914267
1302,0.50718004
1303,0.9096208
1304,0.96362734
1305,0.9998735
1306,0.9910607
1307,0.9995788
1308,0.9982998
1309,0.9358408
1310,0.98430735
1311,0.7500061
1312,0.9995789
1313,0.9794709
1314,0.95875996
1315,0.51109016
1316,0.42545208
1317,0.91188294
1318,0.9999982
1319,0.9938065
1320,0.99974424
1321,0.9999939
1322,0.89541495
1323,0.98408
1324,0.8778112
1325,0.9332292
1326,0.96724397
1327,0.9545772
1328,0.99731714
1329,0.21400948
1330,0.9324192
1331,0.687922
1332,0.29057798
1333,0.97554976
1334,0.9998392
1335,1.0
1336,0.9650382
1337,0.996075
1338,0.3164955
1339,0.08931601
1340,0.96621567
1341,0.9746538
1342,0.9160452
1343,0.98897386
1344,0.9671742
1345,0.9447918
1346,0.9993406
1347,0.9985274
1348,0.98397696
1349,0.99985933
1350,0.9999553
1351,0.6289176
1352,0.95182747
1353,0.6801052
1354,0.81743556
1355,0.9995993
1356,0.7127443
1357,0.99973935
1358,0.9999999
1359,0.7229669
1360,0.919496
1361,0.97665215
1362,0.36408988
1363,0.9995782
1364,0.93666387
1365,0.9996966
1366,0.9999603
1367,0.9852834
1368,0.9999896
1369,0.9494499
1370,0.977114
1371,0.94082546
1372,0.99653107
1373,0.9152802
1374,0.9971583
1375,0.9999994
1376,0.9998454
1377,0.99383885
1378,0.97595644
1379,0.9779363
1380,0.97462213
1381,0.9998691
1382,0.4798144
1383,0.7888547
1384,0.99999475
1385,0.9846519
1386,0.9994648
1387,0.027384304
1388,0.9932893
1389,0.84224206
1390,0.99880147
1391,0.98031336
1392,0.98044455
1393,0.813227
1394,0.68565744
1395,0.87286353
1396,0.9902699
1397,0.63778543
1398,0.9955474
1399,0.9950029
1400,0.9999293
1401,0.9964619
1402,0.994003
1403,0.7520589
1404,0.78571707
1405,0.999923
1406,0.998456
1407,0.65723515
1408,0.99999976
1409,0.9571941
1410,0.9987947
1411,0.9328696
1412,0.6919623
1413,0.99599314
1414,0.9101982
1415,0.86344486
1416,0.99997437
1417,0.99999976
1418,0.9963486
1419,0.981901
1420,0.27857924
1421,0.01758567
1422,0.9993006
1423,0.8859845
1424,0.93706924
1425,0.27420366
1426,0.9999573
1427,0.8912348
1428,0.90573025
1429,0.99951494
1430,0.98758185
1431,0.9999815
1432,0.67040473
1433,0.8782154
1434,0.9916705
1435,0.9213665
1436,0.98686266
1437,0.8671747
1438,0.99971265
1439,0.9992537
1440,0.8596334
1441,0.9935335
1442,0.9999292
1443,0.0010748975
1444,0.97265434
1445,0.9999988
1446,0.754889
1447,0.98500776
1448,0.9942357
1449,0.82872933
1450,0.98532504
1451,0.99889576
1452,0.99942183
1453,0.92172277
1454,0.99998856
1455,0.91273564
1456,0.9174697
1457,0.9994986
1458,0.9763392
1459,0.83254653
1460,0.96794385
1461,0.9997354
1462,0.9996711
1463,0.5926464
1464,0.9964741
1465,0.95404583
1466,0.8859763
1467,0.98277086
1468,0.97739375
1469,0.9976326
1470,0.83931196
1471,0.99907243
1472,0.9999163
1473,0.95504963
1474,0.5542688
1475,0.98261523
1476,0.9955177
1477,0.999233
1478,0.80770236
1479,0.9999999
1480,0.99223095
1481,0.9197061
1482,0.96004695
1483,0.92230123
1484,0.988378
1485,0.79682237
1486,1.0
1487,0.9996039
1488,0.9174463
1489,0.99999774
1490,0.8779154
1491,0.9914649
1492,0.8721607
1493,0.9896584
1494,0.98676956
1495,0.9252411
1496,0.99972564
1497,0.9812283
1498,0.3354608
1499,0.1989954
1500,0.9544771
1501,0.99539965
1502,0.95420426
1503,0.99889284
1504,0.24831565
1505,0.3604116
1506,0.35715622
1507,0.78092456
1508,0.9514096
1509,0.98879725
1510,0.9802934
1511,0.8659776
1512,0.9782079
1513,0.92160213
1514,0.9999999
1515,0.99714833
1516,0.99837327
1517,0.9266476
1518,0.99689496
1519,0.99076897
1520,0.99961853
1521,0.020325242
1522,0.6760506
1523,0.9763266
1524,0.7632758
1525,0.601638
1526,0.85305035
1527,0.9812174
1528,0.9999994
1529,0.99338126
1530,0.9673136
1531,0.9993492
1532,0.87170583
1533,0.4780323
1534,0.9997936
1535,0.9658503
1536,0.9951202
1537,0.99131775
1538,0.9996598
1539,0.99516547
1540,0.9968346
1541,0.97933906
1542,0.94092065
1543,0.99999094
1544,0.9999999
1545,0.24841286
1546,0.9411527
1547,0.99932027
1548,0.99818844
1549,0.9870363
1550,0.91078293
1551,0.9144241
1552,0.9921598
1553,0.9999995
1554,0.71768886
1555,0.9983203
1556,0.9597957
1557,0.99843484
1558,0.9991391
1559,0.99984443
1560,0.96602696
1561,0.51182395
1562,0.99679774
1563,0.98450536
1564,0.89515674
1565,0.96107084
1566,0.9963169
1567,0.1890947
1568,0.78274065
1569,0.99117696
1570,0.22711089
1571,0.99100447
1572,0.92782736
1573,0.99046856
1574,0.99671054
1575,1.0
1576,0.99914265
1577,0.7287026
1578,0.78325105
1579,0.86137223
1580,0.97420913
1581,0.99609596
1582,0.6129831
1583,0.9999931
1584,0.96696186
1585,0.7158005
1586,0.41976777
1587,0.9989209
1588,0.99988616
1589,0.9888044
1590,0.05848008
1591,0.97056603
1592,0.9905962
1593,0.9922031
1594,0.9999995
1595,0.6789686
1596,0.81784403
1597,0.8778919
1598,0.93959635
1599,0.97727144
1600,0.8224652
1601,0.99873346
1602,0.99943537
1603,0.46393895
1604,0.9984668
1605,0.87367225
1606,0.86160845
1607,0.9989753
1608,0.9937867
1609,1.0
1610,0.8819559
1611,0.927816
1612,0.97137547
1613,0.9992181
1614,0.9966287
1615,0.96871734
1616,0.9962281
1617,0.982067
1618,0.96671516
1619,0.79670095
1620,0.99750274
1621,0.9964527
1622,0.97817355
1623,0.053208727
1624,0.8501044
1625,0.9804583
1626,0.9833198
1627,0.9995697
1628,0.99212205
1629,0.11585117
1630,0.9833356
1631,0.95329314
1632,0.7648169
1633,0.9870712
1634,0.95505965
1635,0.99430543
1636,0.9866931
1637,0.55942523
1638,0.99523807
1639,0.999861
1640,0.9999397
1641,0.9999988
1642,0.9992605
1643,0.98050344
1644,0.92783827
1645,0.7811487
1646,0.9993358
1647,0.91519773
1648,0.9984598
1649,0.67995465
1650,0.99494463
1651,0.7388223
1652,0.9898511
1653,0.9995715
1654,0.9097521
1655,0.98947924
1656,0.29921198
1657,0.8877575
1658,0.8191959
1659,0.98117536
1660,0.99296796
1661,0.99632275
1662,0.9522635
1663,0.98322564
1664,0.9932239
1665,0.9920156
1666,0.8669849
1667,0.24541909
1668,0.99198955
1669,0.9448383
1670,0.99181414
1671,0.92784196
1672,0.99961925
1673,0.95699984
1674,0.6094031
1675,0.81979305
1676,0.8689387
1677,0.98076093
1678,0.97609204
1679,0.7935087
1680,0.7237259
1681,0.85285753
1682,0.92437243
1683,0.9979448
1684,0.96345013
1685,0.61732
1686,0.9805995
1687,0.9741822
1688,0.9980934
1689,0.7555694
1690,0.945264
1691,0.96503466
1692,0.99811053
1693,0.92219436
1694,0.30877918
1695,0.8631299
1696,1.0
1697,1.0
1698,0.7125696
1699,0.93640465
1700,0.99996674
1701,0.64144886
1702,0.99999845
1703,0.9999039
1704,0.9629365
1705,0.9723699
1706,0.9979323
1707,0.9507441
1708,0.59928054
1709,0.9999646
1710,0.99941385
1711,0.5484498
1712,0.6671722
1713,0.9697823
1714,0.94847757
1715,0.9982657
1716,0.6446341
1717,0.9135679
1718,0.86843085
1719,0.94106877
1720,0.9999486
1721,0.77455324
1722,0.9776225
1723,0.9923144
1724,0.93923044
1725,0.9761421
1726,0.8241136
1727,0.5186049
1728,0.94978225
1729,0.6526699
1730,0.9910613
1731,0.7314323
1732,0.8412694
1733,0.9227765
1734,0.96551627
1735,0.92135316
1736,0.98675793
1737,0.9843725
1738,0.99294186
1739,0.90767586
1740,0.9985582
1741,0.34843698
1742,0.61492324
1743,0.9873318
1744,0.5618058
1745,0.6305011
1746,0.99986196
1747,0.99641895
1748,0.9811352
1749,0.98435736
1750,0.99999535
1751,0.99970585
1752,1.0
1753,0.98006296
1754,0.9816886
1755,0.99781346
1756,0.9998907
1757,0.998767
1758,0.94416016
1759,0.95689404
1760,0.9999745
1761,0.8937423
1762,0.97973335
1763,0.9995461
1764,0.9693903
1765,0.87985885
1766,0.9994018
1767,0.73969716
1768,0.9888938
1769,0.9990344
1770,0.99964285
1771,0.9998179
1772,0.998672
1773,0.9999927
1774,0.72123164
1775,0.5737378
1776,0.99999976
1777,0.8157543
1778,0.99736834
1779,0.99961483
1780,0.9996593
1781,0.91094935
1782,0.99867415
1783,1.0
1784,0.9999845
1785,0.99826056
1786,0.6089928
1787,0.8079813
1788,0.81545764
1789,0.5085689
1790,0.75881386
1791,0.6799289
1792,0.97447
1793,0.90028226
1794,0.93124205
1795,0.9970975
1796,0.9394281
1797,0.9848236
1798,0.99975926
1799,0.9979309
1800,0.8165552
1801,0.91773516
1802,0.9754126
1803,0.99333197
1804,0.9988919
1805,0.9864937
1806,0.005576677
1807,0.96089965
1808,0.9904145
1809,0.84807134
1810,0.009833384
1811,0.9907906
1812,0.92224866
1813,0.990818
1814,0.9998115
1815,0.9984243
1816,0.9679833
1817,0.96674836
1818,0.38094097
1819,0.8126579
1820,0.98713857
1821,0.9945867
